image,cluster_index,centroid_x,centroid_y
mask_p1036.jpg,0,249.82122093023258,376.4527616279068
mask_p1036.jpg,1,248.72281167108756,52.66843501326261
mask_p1352.jpg,0,266.7161073825504,68.85033557047052
mask_p1352.jpg,1,283.19506966773855,414.6259378349415
mask_p1170.jpg,0,278.9771217712177,92.1948339483396
mask_p1170.jpg,1,297.25192012288784,397.0752688172048
mask_p1345.jpg,0,352.8081081081077,248.06216216216217
mask_p1345.jpg,1,102.62814070351689,251.28140703517587
mask_p1109.jpg,0,395.19487908961645,232.60028449502136
mask_p1109.jpg,1,117.7606557377056,226.97540983606558
mask_p1221.jpg,0,240.84364261168383,434.71649484536067
mask_p1221.jpg,1,224.06845513413504,126.09435707678038
mask_p132.jpg,0,96.52459016393418,210.91100702576114
mask_p132.jpg,1,350.1587301587302,222.0714285714286
mask_p132.jpg,2,239.0140845070422,216.07042253521126
mask_p1260.jpg,0,69.15062388591753,200.09090909090898
mask_p1260.jpg,1,408.2608695652168,254.1220735785952
mask_p1034.jpg,0,71.19145299145305,216.6871794871795
mask_p1034.jpg,1,274.5287356321837,195.31034482758622
mask_p2013.jpg,0,333.48101265822794,245.8119349005425
mask_p2013.jpg,1,155.13698630136975,243.45205479452054
mask_p2027.jpg,0,357.4159292035401,195.12566371681416
mask_p2027.jpg,1,186.35999999999956,220.16800000000003
mask_p1952.jpg,0,223.3557457212714,402.9951100244501
mask_p1952.jpg,1,236.53110047846891,170.09090909090938
mask_p1130.jpg,0,314.6712802768167,324.02595155709344
mask_p1130.jpg,1,146.77272727272734,276.3181818181818
mask_p1035.jpg,0,233.78112449799198,363.6425702811244
mask_p1035.jpg,1,230.56110684089163,89.1145272867023
mask_p1156.jpg,0,234.99522673031035,150.58949880668285
mask_p1156.jpg,1,270.77792041078317,434.6264441591778
mask_p1982.jpg,0,165.82926829268288,222.32520325203254
mask_p1982.jpg,1,314.8243727598566,230.247311827957
mask_p1982.jpg,2,335.30165289256195,232.0619834710744
mask_p1107.jpg,0,149.64115432873257,131.47176913425358
mask_p1107.jpg,1,292.89196675900257,306.8171745152357
mask_p1227.jpg,0,275.6731843575417,223.04189944134075
mask_p1227.jpg,1,60.07165109034243,200.91900311526476
mask_p1096.jpg,0,272.2488479262673,276.71428571428567
mask_p1096.jpg,1,271.625,72.27884615384612
mask_p1099.jpg,0,233.62168396770474,74.66551326412929
mask_p1099.jpg,1,238.68592057761734,298.87364620938644
mask_p1335.jpg,0,438.0439560439562,220.3919413919414
mask_p1335.jpg,1,106.96598639455794,223.42176870748298
mask_p2019.jpg,0,197.78896882494018,160.47482014388518
mask_p2019.jpg,1,297.52941176470597,327.4627450980395
mask_p1041.jpg,0,241.3114525139665,289.0251396648044
mask_p1041.jpg,1,239.06633906633908,80.2948402948403
mask_p1263.jpg,0,241.4776119402984,93.8985074626862
mask_p1263.jpg,1,295.42695035460974,385.7134751773052
mask_p1154.jpg,0,206.521518987342,232.5658227848103
mask_p1154.jpg,1,435.6074950690339,107.76331360946746
mask_p1256.jpg,0,219.1356756756757,369.3556756756759
mask_p1256.jpg,1,217.73779904306224,18.978947368421643
mask_p1985.jpg,0,232.00330760749728,56.36052921719951
mask_p1985.jpg,1,253.64912280701756,299.56725146198846
mask_p1303.jpg,0,434.62596401028264,217.10154241645247
mask_p1303.jpg,1,134.62092391304336,229.20108695652178
mask_p1271.jpg,0,133.03393665158387,234.19004524886878
mask_p1271.jpg,1,302.340206185567,240.83505154639175
mask_p408.jpg,0,225.76569037656904,420.58995815899607
mask_p408.jpg,1,226.30232558139534,151.0387596899227
mask_p408.jpg,2,225.66666666666666,272.05555555555554
mask_p446.jpg,0,73.40086206896551,232.6530172413793
mask_p446.jpg,1,281.19791666666674,235.67708333333334
mask_p2014.jpg,0,334.49295774647925,220.1032863849765
mask_p2014.jpg,1,98.90142671854777,205.39040207522697
mask_p1928.jpg,0,190.37402015677492,421.21612541993295
mask_p1928.jpg,1,187.1081967213115,174.1967213114755
mask_p1195.jpg,0,143.87348105789852,100.09649749821293
mask_p1195.jpg,1,136.02058823529416,341.36617647058773
mask_p1100.jpg,0,236.89466840052015,114.2002600780233
mask_p1100.jpg,1,228.06382978723403,357.6322188449849
mask_p1292.jpg,0,241.12072892938497,207.2961275626424
mask_p1292.jpg,1,229.2571428571428,401.8399999999998
mask_p1294.jpg,0,377.99324324324306,244.42567567567568
mask_p1294.jpg,1,132.16819571865423,251.14067278287462
mask_p1075.jpg,0,276.6509723643807,323.05322415557833
mask_p1075.jpg,1,276.49486652977413,132.83983572895278
mask_p1347.jpg,0,52.2839116719246,210.17981072555204
mask_p1347.jpg,1,304.8260869565221,214.48447204968943
mask_p1112.jpg,0,187.3801452784507,239.88377723970942
mask_p1112.jpg,1,383.45970149253776,250.71044776119402
mask_p1336.jpg,0,239.0446247464503,380.0588235294118
mask_p1336.jpg,1,251.82550335570468,170.52348993288592
mask_p2028.jpg,0,148.64497041420105,194.07692307692307
mask_p2028.jpg,1,342.10245901639325,236.60655737704914
mask_p1450.jpg,0,417.0791366906475,212.41521068859197
mask_p1450.jpg,1,162.94463667820054,204.40830449826987
mask_p1450.jpg,2,6.705263157894365,199.5578947368421
mask_p448.jpg,0,184.45,328.28125
mask_p448.jpg,1,178.37808219178086,56.172602739725974
mask_p448.jpg,2,183.58536585365854,200.46341463414632
mask_p1200.jpg,0,49.990366088632186,250.4104046242775
mask_p1200.jpg,1,254.71241830065338,264.9542483660131
mask_p1334.jpg,0,256.8230337078652,191.68539325842661
mask_p1334.jpg,1,242.14479638009053,367.16742081447956
mask_p123.jpg,0,100.41078838174242,225.70954356846474
mask_p123.jpg,1,334.6442953020131,221.46308724832215
mask_p123.jpg,2,209.25,222.125
mask_p1236.jpg,0,83.24756335282665,259.85769980506825
mask_p1236.jpg,1,297.0482954545457,265.4261363636364
mask_p1320.jpg,0,401.66716196136736,233.74591381872213
mask_p1320.jpg,1,108.53417266187114,218.3525179856115
mask_p1442.jpg,0,257.83073929961097,182.89105058365757
mask_p1442.jpg,1,47.930555555555856,159.76388888888886
mask_p1190.jpg,0,122.80952380952398,262.05291005291
mask_p1190.jpg,1,323.26821192053,253.2913907284768
mask_p2015.jpg,0,376.6303030303029,237.78181818181824
mask_p2015.jpg,1,79.22680412371056,200.8350515463919
mask_p2015.jpg,2,192.45312500000003,215.1796875
mask_p1180.jpg,0,77.60465116279117,206.296853625171
mask_p1180.jpg,1,326.85395537525426,208.94117647058823
mask_p1216.jpg,0,327.94399066511073,388.2409568261378
mask_p1216.jpg,1,208.4680851063838,103.12765957446544
mask_p1930.jpg,0,164.06315789473683,253.21052631578948
mask_p1930.jpg,1,308.85714285714283,277.360248447205
mask_p1930.jpg,2,65.53703703703704,240.77777777777777
mask_p471.jpg,0,206.2785714285714,324.1964285714288
mask_p471.jpg,1,211.52380952380952,5.547619047619293
mask_p471.jpg,2,208.47619047619048,178.42857142857147
mask_p1179.jpg,0,157.8870588235294,356.55058823529396
mask_p1179.jpg,1,189.00140252454415,111.10518934081304
mask_p412.jpg,0,216.75963718820864,374.09523809523813
mask_p412.jpg,1,216.72,196.36
mask_p1231.jpg,0,192.6679340937899,81.13814955640098
mask_p1231.jpg,1,336.5030800821355,280.93429158110945
mask_p1247.jpg,0,418.31899350649303,202.87824675324674
mask_p1247.jpg,1,99.71216617210584,203.52967359050444
mask_p1932.jpg,0,229.84409136047665,33.38232373386266
mask_p1932.jpg,1,234.354,378.8719999999999
mask_p1121.jpg,0,93.96148738379755,258.91367861885783
mask_p1121.jpg,1,364.755011135857,196.84632516703786
mask_p407.jpg,0,242.2173913043478,344.173913043478
mask_p407.jpg,1,244.5121212121212,68.87878787878768
mask_p407.jpg,2,243.9795918367347,232.40816326530614
mask_p1983.jpg,0,358.39325842696644,216.83146067415737
mask_p1983.jpg,1,89.47395833333354,176.25520833333343
mask_p1983.jpg,2,189.1068702290076,192.50381679389312
mask_p146.jpg,0,350.04835924006915,226.18825561312607
mask_p146.jpg,1,171.2968750000001,230.65625
mask_p417.jpg,0,251.24675324675326,123.11038961038965
mask_p417.jpg,1,246.30769230769232,281.9615384615385
mask_p410.jpg,0,228.30750605326878,372.4721549636806
mask_p410.jpg,1,235.7531914893617,54.61702127659595
mask_p410.jpg,2,235.0909090909091,198.09090909090912
mask_p1304.jpg,0,422.5495867768598,194.4090909090909
mask_p1304.jpg,1,86.54038997214542,196.92479108635098
mask_p1346.jpg,0,387.8362282878412,236.35235732009926
mask_p1346.jpg,1,5.357142857142833,263.14285714285717
mask_p1039.jpg,0,207.88421052631577,144.25614035087702
mask_p1039.jpg,1,209.6968796433878,338.374442793462
mask_p1188.jpg,0,168.0686886708297,273.0544157002676
mask_p1188.jpg,1,442.22831050228325,274.86301369863014
mask_p1084.jpg,0,268.8067978533095,118.28622540250416
mask_p1084.jpg,1,242.83775351014043,369.21372854914165
mask_p452.jpg,0,354.2800000000002,198.26222222222222
mask_p452.jpg,1,72.9027027027031,205.7891891891892
mask_p452.jpg,2,194.5,201.63888888888889
mask_p435.jpg,0,227.51252408477842,48.701348747591354
mask_p435.jpg,1,214.08749999999998,355.7125000000001
mask_p435.jpg,2,217.0,245.72727272727275
mask_p1412.jpg,0,76.1986337362064,240.26379400945876
mask_p1412.jpg,1,436.6643598615925,197.64878892733566
mask_p1197.jpg,0,208.3977900552486,92.87182320441954
mask_p1197.jpg,1,190.09664694280082,334.06903353057163
mask_p474.jpg,0,348.96252465483235,242.10256410256412
mask_p474.jpg,1,159.8684210526314,245.01315789473685
mask_p418.jpg,0,207.82326621923934,127.35794183445196
mask_p418.jpg,1,224.69230769230768,300.346153846154
mask_p430.jpg,0,126.17424242424258,220.2840909090909
mask_p430.jpg,1,262.72500000000014,211.7
mask_p1326.jpg,0,165.19929140832596,64.55713020372046
mask_p1326.jpg,1,209.91774891774898,333.305916305917
mask_p1239.jpg,0,281.04371584699476,164.53916211293242
mask_p1239.jpg,1,203.77323420074376,428.8605947955389
mask_p416.jpg,0,223.58490566037736,342.47405660377376
mask_p416.jpg,1,212.15929203539827,70.16814159292
mask_p416.jpg,2,216.06060606060606,172.33333333333343
mask_p1321.jpg,0,288.5972738537794,313.546468401487
mask_p1321.jpg,1,290.1959798994975,85.7386934673367
mask_p414.jpg,0,211.3582089552239,87.13432835820907
mask_p414.jpg,1,211.41726618705036,324.91366906474826
mask_p414.jpg,2,210.33333333333334,200.66666666666669
mask_p112.jpg,0,204.260492040521,354.0072358900146
mask_p112.jpg,1,216.9966666666667,26.64999999999955
mask_p112.jpg,2,212.16666666666666,154.97777777777785
mask_p2007.jpg,0,154.25081433224764,204.0814332247557
mask_p2007.jpg,1,355.6833333333334,208.66666666666666
mask_p138.jpg,0,250.79187817258878,335.1522842639596
mask_p138.jpg,1,176.50694444444434,76.34722222222254
mask_p138.jpg,2,213.72413793103448,198.65517241379305
mask_p1167.jpg,0,41.84734001541963,237.12490362374712
mask_p1167.jpg,1,372.2505827505828,248.82750582750583
mask_p1993.jpg,0,285.14347826086953,256.9913043478261
mask_p1993.jpg,1,131.84615384615373,260.6923076923077
mask_p1344.jpg,0,243.90516332982085,384.2571127502633
mask_p1344.jpg,1,250.42338709677418,99.37096774193529
mask_p2012.jpg,0,85.41206675224682,215.28754813863927
mask_p2012.jpg,1,313.50816326530656,224.50816326530608
mask_p1157.jpg,0,427.90077319587584,155.6469072164948
mask_p1157.jpg,1,178.33399209486126,165.60276679841894
mask_p1931.jpg,0,333.0252808988764,234.3005617977528
mask_p1931.jpg,1,194.95652173913032,200.59420289855075
mask_p1235.jpg,0,198.9429657794677,127.65399239543727
mask_p1235.jpg,1,290.26755852842814,316.85618729096944
mask_p142.jpg,0,84.59813084112162,235.66043613707166
mask_p142.jpg,1,278.33070866141736,233.60629921259843
mask_p1416.jpg,0,262.34925864909417,231.70510708401983
mask_p1416.jpg,1,16.936842105263054,167.2736842105263
mask_p1987.jpg,0,84.30586766541829,237.9250936329588
mask_p1987.jpg,1,294.74581939799396,239.09364548494983
mask_p1316.jpg,0,254.90033222591367,185.282392026578
mask_p1316.jpg,1,304.0714285714286,405.07142857142844
mask_p1277.jpg,0,117.21664050235471,219.1789638932496
mask_p1277.jpg,1,321.0312499999998,203.7355769230769
mask_p1258.jpg,0,368.6518010291597,249.24528301886795
mask_p1258.jpg,1,92.94852941176495,218.91176470588232
mask_p1258.jpg,2,190.64893617021292,229.37234042553192
mask_p429.jpg,0,243.92689295039165,135.69712793733677
mask_p429.jpg,1,206.93220338983048,305.7966101694916
mask_p1070.jpg,0,135.45152542372887,190.11661016949154
mask_p1070.jpg,1,405.19125683060014,190.42440801457195
mask_p125.jpg,0,297.9066985645933,222.21052631578948
mask_p125.jpg,1,157.71428571428572,218.01785714285714
mask_p1942.jpg,0,235.77337110481585,95.59206798866873
mask_p1942.jpg,1,234.82089552238807,281.93532338308466
mask_p1275.jpg,0,135.8278688524593,179.83196721311475
mask_p1275.jpg,1,355.8415672913122,202.21976149914818
mask_p1243.jpg,0,321.9317406143345,225.80204778156997
mask_p1243.jpg,1,36.0,213.5
mask_p1269.jpg,0,229.1390728476821,218.82781456953643
mask_p1269.jpg,1,439.89583333333326,210.74479166666666
mask_p1269.jpg,2,93.01709401709348,224.37606837606833
mask_p2016.jpg,0,380.29928741092635,233.39667458432308
mask_p2016.jpg,1,99.6685082872932,250.22099447513816
mask_p2016.jpg,2,204.8762886597939,243.41237113402062
mask_p1069.jpg,0,204.3695652173913,247.31884057971016
mask_p1069.jpg,1,168.2268907563024,54.491596638656034
mask_p1069.jpg,2,242.42241379310335,419.452586206897
mask_p1950.jpg,0,219.42512077294685,225.30917874396135
mask_p1950.jpg,1,108.0,217.0
mask_p1251.jpg,0,39.20522388059668,209.12313432835822
mask_p1251.jpg,1,323.73999999999967,195.10666666666665
mask_p1122.jpg,0,102.91495601173051,244.3240469208211
mask_p1122.jpg,1,357.71568627450966,245.5906862745098
mask_p1229.jpg,0,392.28894472361793,279.36180904522615
mask_p1229.jpg,1,89.83439490445852,250.31210191082798
mask_p1104.jpg,0,414.66448230668357,215.03276539973794
mask_p1104.jpg,1,68.79643765903245,192.76081424936393
mask_p1309.jpg,0,76.50381679389292,204.74700109051255
mask_p1309.jpg,1,392.66968325791765,206.60407239819006
mask_p1051.jpg,0,419.9591346153844,264.1983173076923
mask_p1051.jpg,1,59.75725593667528,250.2242744063325
mask_p1051.jpg,2,232.07407407407393,258.4867724867725
mask_p1088.jpg,0,295.4862385321101,323.55963302752315
mask_p1088.jpg,1,284.36654366543667,81.62976629766287
mask_p1957.jpg,0,149.22248803827762,387.1794258373205
mask_p1957.jpg,1,238.27981651376157,221.1788990825687
mask_p1183.jpg,0,327.897116644823,373.54456094364286
mask_p1183.jpg,1,83.90295358649695,79.58720112517474
mask_p472.jpg,0,198.71333333333337,265.58000000000004
mask_p472.jpg,1,215.57812500000003,91.68750000000004
mask_p2002.jpg,0,235.49650349650355,260.4545454545454
mask_p2002.jpg,1,131.39423076923083,111.18269230769228
mask_p2002.jpg,2,184.2,186.3
mask_p439.jpg,0,382.8181818181818,245.58441558441558
mask_p439.jpg,1,184.625,251.625
mask_p405.jpg,0,168.33766233766235,223.88311688311688
mask_p405.jpg,1,169.332,403.1160000000002
mask_p405.jpg,2,168.19306930693068,81.26237623762398
mask_p110.jpg,0,88.83427495291939,243.4745762711865
mask_p110.jpg,1,361.2804428044284,201.4132841328413
mask_p110.jpg,2,253.3877551020409,215.44897959183675
mask_p1147.jpg,0,387.5859820700896,145.78239608801945
mask_p1147.jpg,1,182.87327188940083,264.22580645161275
mask_p1218.jpg,0,41.98983364140486,240.25785582255085
mask_p1218.jpg,1,355.8518518518516,242.31541218637994
mask_p1428.jpg,0,348.09039548022645,222.59604519774012
mask_p1428.jpg,1,84.91393442623053,214.85245901639345
mask_p1092.jpg,0,272.2488479262673,276.71428571428567
mask_p1092.jpg,1,271.625,72.27884615384612
mask_p1043.jpg,0,218.76079447322974,118.31088082901567
mask_p1043.jpg,1,221.41333333333333,337.51200000000017
mask_p1417.jpg,0,342.2478632478637,348.99810066476766
mask_p1417.jpg,1,11.821138211381594,64.49593495934903
mask_p1417.jpg,2,139.72909698996685,174.9966555183949
mask_p1313.jpg,0,396.6133540372669,241.56521739130434
mask_p1313.jpg,1,102.1823899371073,225.69811320754724
mask_p1065.jpg,0,392.43129089827494,79.25163593099332
mask_p1065.jpg,1,73.23502304147598,321.9170506912459
mask_p1159.jpg,0,205.02642559109862,84.23087621696813
mask_p1159.jpg,1,318.0178571428569,326.22857142857174
mask_p1984.jpg,0,230.91483113069015,38.46842878120403
mask_p1984.jpg,1,241.48295454545453,301.25568181818176
mask_p1949.jpg,0,240.11764705882354,155.8578431372551
mask_p1949.jpg,1,238.79931972789115,380.8894557823131
mask_p1141.jpg,0,220.80107816711575,61.84097035040453
mask_p1141.jpg,1,322.10149253731333,377.1870646766171
mask_p126.jpg,0,287.09433962264154,233.7987421383648
mask_p126.jpg,1,135.42307692307713,227.33333333333334
mask_p432.jpg,0,214.3740458015267,93.05089058524183
mask_p432.jpg,1,196.56976744186048,293.1976744186045
mask_p1153.jpg,0,210.4,106.80714285714278
mask_p1153.jpg,1,206.0065573770492,316.07540983606566
mask_p1272.jpg,0,362.9874804381844,224.49295774647888
mask_p1272.jpg,1,67.62895927601858,231.2714932126697
mask_p1272.jpg,2,178.02941176470597,227.58823529411765
mask_p1299.jpg,0,238.09954058192957,345.76722817764175
mask_p1299.jpg,1,249.7177263969172,15.142581888246525
mask_p1341.jpg,0,30.509251101321865,227.47400881057268
mask_p1341.jpg,1,397.4756258234522,222.20948616600788
mask_p2009.jpg,0,155.00636363636363,125.1690909090912
mask_p2009.jpg,1,164.204845814978,381.4603524229078
mask_p1245.jpg,0,211.30794701986756,120.67052980132436
mask_p1245.jpg,1,228.18367346938774,341.9999999999998
mask_p1440.jpg,0,288.1699604743083,8.320158102766612
mask_p1440.jpg,1,281.42013888888886,214.9027777777776
mask_p1440.jpg,2,279.55056179775283,400.0224719101121
mask_p1965.jpg,0,215.20709219858156,71.5886524822694
mask_p1965.jpg,1,222.367816091954,266.3563218390805
mask_p424.jpg,0,209.07003891050584,349.0894941634241
mask_p424.jpg,1,215.23595505617976,44.70224719101125
mask_p424.jpg,2,210.35,206.65
mask_p1286.jpg,0,241.84810126582278,413.94394213381565
mask_p1286.jpg,1,243.6881188118812,219.93069306930693
mask_p1177.jpg,0,236.5794297352342,406.4714867617104
mask_p1177.jpg,1,256.44251626898046,141.91540130151802
mask_p437.jpg,0,203.3438596491228,106.54385964912277
mask_p437.jpg,1,231.1,417.96666666666664
mask_p437.jpg,2,222.0,296.27272727272725
mask_p2024.jpg,0,323.23978201634907,222.141689373297
mask_p2024.jpg,1,158.56338028169066,222.07394366197184
mask_p1064.jpg,0,62.80633802816865,197.67464788732397
mask_p1064.jpg,1,381.44919786096307,176.5971479500891
mask_p1406.jpg,0,249.8257575757576,264.9621212121212
mask_p1406.jpg,1,110.18518518518535,267.2037037037037
mask_p1406.jpg,2,231.62758620689655,265.0137931034483
mask_p1944.jpg,0,367.6606425702812,248.79116465863453
mask_p1944.jpg,1,87.61160714285649,246.61160714285714
mask_p1944.jpg,2,218.46268656716427,248.07462686567163
mask_p1201.jpg,0,412.74479166666663,228.86805555555554
mask_p1201.jpg,1,192.75294117647064,232.62823529411764
mask_p1953.jpg,0,249.34699453551914,392.7950819672128
mask_p1953.jpg,1,246.546783625731,166.48830409356694
mask_p2003.jpg,0,137.36649214659687,192.9738219895287
mask_p2003.jpg,1,135.38117647058823,393.2964705882352
mask_p1148.jpg,0,208.9316493313521,376.6404160475482
mask_p1148.jpg,1,300.0755939524838,145.0388768898487
mask_p1284.jpg,0,397.57224334600767,248.25095057034218
mask_p1284.jpg,1,124.43877551020469,205.54591836734707
mask_p124.jpg,0,346.77472527472526,223.60714285714286
mask_p124.jpg,1,186.77142857142866,229.37142857142857
mask_p127.jpg,0,298.6609756097561,221.63658536585365
mask_p127.jpg,1,156.6842105263159,217.140350877193
mask_p1108.jpg,0,219.10526315789485,354.0381125226862
mask_p1108.jpg,1,271.88993710691835,143.4905660377361
mask_p1414.jpg,0,62.816216216216304,223.54189189189188
mask_p1414.jpg,1,280.9157303370789,205.3426966292135
mask_p1076.jpg,0,230.60440340909093,349.3373579545455
mask_p1076.jpg,1,243.6899641577061,53.80107526881733
mask_p1358.jpg,0,425.2574679943106,223.02347083926037
mask_p1358.jpg,1,47.64887307235966,197.04507710557522
mask_p107.jpg,0,148.4698608964451,257.7171561051004
mask_p107.jpg,1,281.011235955056,172.53932584269674
mask_p445.jpg,0,152.23786407767022,268.2184466019417
mask_p445.jpg,1,328.5568181818183,253.625
mask_p1935.jpg,0,206.55803571428572,390.35937499999994
mask_p1935.jpg,1,207.47727272727275,171.62337662337657
mask_p1342.jpg,0,242.6093489148581,92.07512520868087
mask_p1342.jpg,1,262.8989690721649,403.33402061855634
mask_p1087.jpg,0,257.3168316831683,122.68514851485148
mask_p1087.jpg,1,273.82889733840307,309.01140684410643
mask_p1101.jpg,0,164.19033674963393,311.475841874085
mask_p1101.jpg,1,199.06122448979588,107.23979591836743
mask_p1295.jpg,0,156.41824705279348,94.7165556125065
mask_p1295.jpg,1,174.37499999999997,379.86148648648685
mask_p1074.jpg,0,213.06628242074927,74.0432276657063
mask_p1074.jpg,1,216.94573643410854,253.12403100775217
mask_p1047.jpg,0,91.35772357723553,197.64459930313592
mask_p1047.jpg,1,343.1193693693687,208.01801801801804
mask_p1126.jpg,0,221.3730964467005,254.12182741116752
mask_p1126.jpg,1,216.236,5.32399999999987
mask_p1126.jpg,2,221.0938864628821,403.01746724890825
mask_p1072.jpg,0,252.23045267489712,193.18518518518513
mask_p1072.jpg,1,243.8974358974359,404.3568376068374
mask_p1142.jpg,0,247.16129032258064,241.70967741935485
mask_p1142.jpg,1,58.625,188.75
mask_p109.jpg,0,110.29389312977148,195.35114503816797
mask_p109.jpg,1,373.00319488817934,215.37380191693296
mask_p109.jpg,2,266.2619047619047,207.14285714285714
mask_p419.jpg,0,112.39759036144567,193.2289156626506
mask_p419.jpg,1,255.5,200.88888888888889
mask_p1098.jpg,0,209.05555555555554,77.2444444444445
mask_p1098.jpg,1,200.47148288973384,315.2927756653993
mask_p2022.jpg,0,377.5297297297295,233.70810810810812
mask_p2022.jpg,1,98.63716814159264,177.92477876106213
mask_p2022.jpg,2,235.9098360655738,205.8934426229508
mask_p1972.jpg,0,142.7921146953403,189.93010752688176
mask_p1972.jpg,1,276.6646884272995,163.8189910979229
mask_p1994.jpg,0,117.78160919540224,210.9425287356322
mask_p1994.jpg,1,388.7446808510637,229.468085106383
mask_p1994.jpg,2,274.8333333333333,225.5
mask_p465.jpg,0,81.15217391304338,178.63526570048307
mask_p465.jpg,1,260.07894736842115,189.21052631578945
mask_p463.jpg,0,69.12662337662323,207.3051948051948
mask_p463.jpg,1,260.73913043478245,213.20652173913044
mask_p1966.jpg,0,185.6888888888889,207.51111111111112
mask_p1966.jpg,1,335.74193548387126,173.3118279569892
mask_p1966.jpg,2,100.40833333333363,222.39999999999995
mask_p1297.jpg,0,85.27497708524304,200.3455545371219
mask_p1297.jpg,1,404.43230016313225,198.75530179445352
mask_p1268.jpg,0,374.9954233409614,188.19450800915334
mask_p1268.jpg,1,173.52471482889786,179.57794676806088
mask_p2021.jpg,0,214.4695652173913,230.94782608695658
mask_p2021.jpg,1,209.7404580152672,51.450381679389366
mask_p2021.jpg,2,220.43243243243242,444.3783783783784
mask_p1936.jpg,0,315.558988764045,232.7303370786517
mask_p1936.jpg,1,91.53061224489818,238.09693877551024
mask_p1103.jpg,0,424.2655737704921,221.46065573770488
mask_p1103.jpg,1,148.5485564304461,233.58267716535428
mask_p462.jpg,0,93.86754966887428,234.40562913907286
mask_p462.jpg,1,296.95789473684226,222.70526315789476
mask_p476.jpg,0,205.6605504587156,427.6422018348626
mask_p476.jpg,1,203.71636363636364,61.178181818181685
mask_p476.jpg,2,204.98717948717947,242.65384615384613
mask_p1073.jpg,0,291.2073732718893,242.0552995391705
mask_p1073.jpg,1,109.01298701298686,243.94155844155844
mask_p1973.jpg,0,176.56388888888875,248.025
mask_p1973.jpg,1,314.028880866426,259.7617328519856
mask_p469.jpg,0,224.36065573770492,96.03825136612033
mask_p469.jpg,1,229.3050847457627,260.37288135593235
mask_p1059.jpg,0,66.77026164645775,235.8136566687939
mask_p1059.jpg,1,392.72744721689025,260.1305182341651
mask_p2005.jpg,0,161.85327313769767,249.51918735891647
mask_p2005.jpg,1,324.34977578475355,243.94618834080717
mask_p1943.jpg,0,191.08802816901408,87.69190140845046
mask_p1943.jpg,1,178.29186602870817,264.85167464114863
mask_p1119.jpg,0,233.52867830423938,316.3890274314214
mask_p1119.jpg,1,229.8854961832061,119.5496183206107
mask_p1116.jpg,0,98.38940520446063,221.57527881040886
mask_p1116.jpg,1,366.3131170662907,191.38504936530316
mask_p1357.jpg,0,246.41354723707664,383.50267379679167
mask_p1357.jpg,1,259.67391304347825,67.99844720496912
mask_p425.jpg,0,122.66798418972353,251.42292490118578
mask_p425.jpg,1,287.2500000000001,253.85416666666666
mask_p411.jpg,0,202.86832740213524,121.03914590747316
mask_p411.jpg,1,192.2948717948718,307.70512820512795
mask_p1431.jpg,0,117.54888268156449,237.7807262569833
mask_p1431.jpg,1,391.34331797234995,214.40092165898622
mask_p1324.jpg,0,133.45454545454473,219.09696969696967
mask_p1324.jpg,1,431.1485294117638,248.69999999999993
mask_p447.jpg,0,353.5058043117745,226.14427860696517
mask_p447.jpg,1,169.35714285714272,230.72857142857143
mask_p1288.jpg,0,110.0551181102361,232.95433070866142
mask_p1288.jpg,1,323.7383720930234,216.11046511627904
mask_p440.jpg,0,85.71246819338425,221.82188295165395
mask_p440.jpg,1,257.90000000000003,231.3
mask_p1056.jpg,0,383.2432432432435,245.3581081081081
mask_p1056.jpg,1,8.731707317073472,226.6975609756097
mask_p1056.jpg,2,187.2419354838711,235.90322580645162
mask_p117.jpg,0,255.10526315789474,181.05263157894737
mask_p117.jpg,1,242.62876254180608,347.0936454849501
mask_p117.jpg,2,259.68896321070235,48.491638795987
mask_p466.jpg,0,240.9228723404255,39.5106382978727
mask_p466.jpg,1,200.86220472440954,372.78740157480365
mask_p466.jpg,2,223.975,194.45000000000002
mask_p1970.jpg,0,282.44874999999985,178.525
mask_p1970.jpg,1,115.27246376811571,167.22028985507248
mask_p1106.jpg,0,327.08859293572675,380.8453966415754
mask_p1106.jpg,1,337.53028064992617,87.13737075332372
mask_p1267.jpg,0,276.60227272727275,434.09545454545446
mask_p1267.jpg,1,274.25892857142856,244.0922619047618
mask_p1083.jpg,0,202.7941176470588,353.7398190045248
mask_p1083.jpg,1,209.09407665505225,153.04878048780478
mask_p1052.jpg,0,343.19555555555553,175.70666666666668
mask_p1052.jpg,1,146.6785714285714,159.46428571428572
mask_p1038.jpg,0,112.28153846153828,358.4579487179492
mask_p1038.jpg,1,294.02596053997905,92.31464174454868
mask_p1186.jpg,0,236.3117782909931,417.50808314087755
mask_p1186.jpg,1,218.70853080568725,189.84360189573462
mask_p1407.jpg,0,388.4455445544554,207.52079207920784
mask_p1407.jpg,1,88.40130505709638,271.1500815660684
mask_p453.jpg,0,94.00767263427112,222.76470588235293
mask_p453.jpg,1,266.7741935483871,229.67741935483872
mask_p1259.jpg,0,58.79931972789103,279.98299319727886
mask_p1259.jpg,1,286.12537313432813,223.88358208955214
mask_p135.jpg,0,84.02203856749264,205.61983471074382
mask_p135.jpg,1,356.4533898305083,214.33898305084747
mask_p135.jpg,2,235.66666666666663,208.9607843137255
mask_p441.jpg,0,321.94143167028204,200.175704989154
mask_p441.jpg,1,142.71428571428592,205.98214285714286
mask_p1113.jpg,0,280.3790322580645,126.0161290322578
mask_p1113.jpg,1,271.068287037037,418.7615740740738
mask_p1118.jpg,0,211.56521739130432,98.50572082379855
mask_p1118.jpg,1,95.97391304347825,280.45217391304345
mask_p1118.jpg,2,140.86597938144328,209.15463917525767
mask_p478.jpg,0,245.45647558386412,25.944798301486088
mask_p478.jpg,1,225.96261682242994,364.21495327102764
mask_p478.jpg,2,234.80303030303028,197.65151515151524
mask_p2020.jpg,0,202.59203980099502,43.60696517412984
mask_p2020.jpg,1,200.71739130434784,429.7086956521744
mask_p2020.jpg,2,200.2207792207792,214.2337662337662
mask_p477.jpg,0,146.8023255813953,215.0139534883721
mask_p477.jpg,1,327.43661971831006,221.04225352112675
mask_p1111.jpg,0,161.8999999999998,249.4227272727273
mask_p1111.jpg,1,350.83886255924153,247.46919431279622
mask_p1192.jpg,0,187.82352941176467,53.39375750300103
mask_p1192.jpg,1,201.16541353383457,305.2606516290725
mask_p1941.jpg,0,320.0494382022473,137.9123595505621
mask_p1941.jpg,1,136.59756097560944,324.85365853658527
mask_p1941.jpg,2,207.19117647058832,251.58823529411765
mask_p431.jpg,0,255.19312169312167,72.63227513227493
mask_p431.jpg,1,201.95862068965528,359.94482758620654
mask_p431.jpg,2,227.35294117647058,224.05882352941182
mask_p1228.jpg,0,368.83502170766997,342.2257597684516
mask_p1228.jpg,1,99.25672371638169,244.5281173594134
mask_p1934.jpg,0,129.78571428571416,284.1347402597403
mask_p1934.jpg,1,269.62682215743433,294.3848396501458
mask_p1356.jpg,0,233.62464985994387,224.89635854341736
mask_p1356.jpg,1,8.076335877862476,224.0229007633588
mask_p1413.jpg,0,332.61029411764673,154.16029411764737
mask_p1413.jpg,1,66.25335892514406,321.8330134357009
mask_p1155.jpg,0,320.3160377358492,401.10259433962295
mask_p1155.jpg,1,199.5251727541956,123.22803553800627
mask_p1427.jpg,0,260.44495412844054,218.25688073394497
mask_p1427.jpg,1,38.78365384615405,217.90865384615384
mask_p145.jpg,0,78.61893764434183,232.54041570438798
mask_p145.jpg,1,278.64705882352916,235.72058823529412
mask_p1999.jpg,0,228.37125748502996,147.928143712575
mask_p1999.jpg,1,223.48387096774195,396.4838709677421
mask_p2006.jpg,0,273.996212121212,218.58712121212125
mask_p2006.jpg,1,124.14999999999988,229.01000000000002
mask_p1318.jpg,0,197.9204035874438,383.15807174887965
mask_p1318.jpg,1,247.17698259187617,21.41199226305679
mask_p449.jpg,0,232.51461988304095,423.0292397660821
mask_p449.jpg,1,208.40740740740745,108.50617283950649
mask_p449.jpg,2,221.41379310344828,269.1379310344828
mask_p1940.jpg,0,350.9346271705821,403.4719101123597
mask_p1940.jpg,1,148.80968858131504,102.45674740484307
mask_p1940.jpg,2,223.08383233532913,214.82634730538933
mask_p1129.jpg,0,94.99619771863105,179.22053231939165
mask_p1129.jpg,1,241.94146341463406,200.09268292682927
mask_p2000.jpg,0,203.58333333333334,364.3431372549018
mask_p2000.jpg,1,196.97619047619048,146.4841269841268
mask_p2000.jpg,2,201.49019607843138,240.82352941176467
mask_p1079.jpg,0,200.9335907335907,342.35675675675645
mask_p1079.jpg,1,248.2,95.39349593495908
mask_p116.jpg,0,318.46774193548396,150.03456221198158
mask_p116.jpg,1,192.78333333333347,196.06666666666666
mask_p1988.jpg,0,227.82084690553745,35.482084690553634
mask_p1988.jpg,1,235.38518518518518,260.61851851851833
mask_p1165.jpg,0,220.597300337458,211.20584926884135
mask_p1165.jpg,1,89.58275058275052,401.42657342657407
mask_p1131.jpg,0,179.39375,174.97291666666655
mask_p1131.jpg,1,177.75111111111113,411.45955555555537
mask_p1948.jpg,0,239.21130952380952,359.6815476190478
mask_p1948.jpg,1,237.05790297339595,112.10015649452284
mask_p443.jpg,0,121.97888675623811,250.93282149712093
mask_p443.jpg,1,297.8363636363638,226.81818181818178
mask_p1281.jpg,0,125.90058479532215,399.76315789473705
mask_p1281.jpg,1,331.08747514910584,162.3240556660043
mask_p475.jpg,0,329.4938650306747,206.90490797546013
mask_p475.jpg,1,169.87640449438186,218.05617977528092
mask_p1081.jpg,0,30.12567324955082,219.23518850987432
mask_p1081.jpg,1,229.68582375478888,213.1494252873563
mask_p1961.jpg,0,206.40204678362574,100.17105263157876
mask_p1961.jpg,1,210.2210796915167,320.3984575835474
mask_p1433.jpg,0,104.53846153846177,210.62139423076925
mask_p1433.jpg,1,366.11529411764695,215.73882352941177
mask_p1168.jpg,0,223.28677839851025,154.41899441340755
mask_p1168.jpg,1,225.82142857142858,407.06043956043925
mask_p1977.jpg,0,229.66483516483515,40.315934065934115
mask_p1977.jpg,1,225.73684210526315,294.2406015037594
mask_p1097.jpg,0,334.4081632653061,262.33673469387753
mask_p1097.jpg,1,177.84848484848482,302.9393939393939
mask_p1185.jpg,0,54.16849315068502,254.65616438356167
mask_p1185.jpg,1,274.5655913978498,235.84731182795701
mask_p1955.jpg,0,320.3368421052634,211.11052631578949
mask_p1955.jpg,1,138.17532467532448,194.11363636363643
mask_p1054.jpg,0,176.60824742268042,247.37113402061857
mask_p1054.jpg,1,196.22222222222229,91.04166666666623
mask_p1054.jpg,2,162.1153846153847,372.5817307692303
mask_p1350.jpg,0,347.1957894736837,216.84315789473683
mask_p1350.jpg,1,28.424212598424702,196.9173228346457
mask_p1418.jpg,0,102.37666963490608,224.26714158504
mask_p1418.jpg,1,365.159420289855,248.15019762845844
mask_p1990.jpg,0,274.72256728778467,373.78881987577654
mask_p1990.jpg,1,278.1818181818182,3.6493506493507084
mask_p1990.jpg,2,276.19883040935673,200.30994152046793
mask_p1058.jpg,0,416.7321016166278,200.62355658198612
mask_p1058.jpg,1,84.14522821576696,194.25726141078837
mask_p1058.jpg,2,203.97692307692282,194.5
mask_p1063.jpg,0,402.16090425531917,243.16090425531914
mask_p1063.jpg,1,81.41666666666546,240.14837398373982
mask_p2011.jpg,0,178.66237942122186,353.9260450160773
mask_p2011.jpg,1,172.84447300771205,88.69665809768657
mask_p1196.jpg,0,353.314343163539,78.98458445040238
mask_p1196.jpg,1,174.25236593059833,314.71293375394316
mask_p147.jpg,0,179.11815561959654,55.400576368876116
mask_p147.jpg,1,184.89634146341461,328.60975609756105
mask_p147.jpg,2,184.62962962962962,200.88888888888889
mask_p1410.jpg,0,190.41304347826093,400.1906354515047
mask_p1410.jpg,1,223.7378378378379,186.71891891891855
mask_p1328.jpg,0,418.90878378378346,239.0349099099099
mask_p1328.jpg,1,5.959595959595333,231.12626262626264
mask_p1328.jpg,2,197.022727272727,233.06439393939394
mask_p1986.jpg,0,190.05287009063443,403.3595166163143
mask_p1986.jpg,1,207.30872483221475,193.8859060402686
mask_p1032.jpg,0,390.4911067193674,219.6798418972332
mask_p1032.jpg,1,116.7974137931046,222.41379310344828
mask_p1091.jpg,0,116.68088737201354,236.96245733788396
mask_p1091.jpg,1,318.2297650130548,237.54830287206266
mask_p1144.jpg,0,225.3347921225383,342.66301969365395
mask_p1144.jpg,1,226.02721088435374,121.09070294784554
mask_p1230.jpg,0,206.1329923273657,8.552429667519064
mask_p1230.jpg,1,204.09646302250803,210.70739549839217
mask_p1230.jpg,2,204.52,381.64
mask_p1114.jpg,0,346.6617647058822,231.09019607843138
mask_p1114.jpg,1,135.67005076142198,233.95939086294416
mask_p1246.jpg,0,251.25603864734302,43.966183574880034
mask_p1246.jpg,1,236.16827586206898,351.4489655172418
mask_p1408.jpg,0,419.20330969267127,202.17966903073284
mask_p1408.jpg,1,174.3392857142856,222.764880952381
mask_p1184.jpg,0,77.25403817914881,270.74669603524234
mask_p1184.jpg,1,395.2947799385879,256.8689866939612
mask_p1308.jpg,0,239.70024570024572,178.2063882063882
mask_p1308.jpg,1,2.946902654866875,186.98230088495578
mask_p2026.jpg,0,93.57397260273991,219.5917808219179
mask_p2026.jpg,1,259.5911458333336,176.52083333333331
mask_p1959.jpg,0,246.80091185410333,398.9787234042554
mask_p1959.jpg,1,245.86802030456852,178.11675126903552
mask_p1090.jpg,0,209.94295302013424,79.48741610738303
mask_p1090.jpg,1,229.18794326241135,334.7021276595751
mask_p1133.jpg,0,187.54651162790697,44.840787119856856
mask_p1133.jpg,1,201.46630727762803,344.62264150943395
mask_p1060.jpg,0,214.9781818181818,395.08969696969694
mask_p1060.jpg,1,211.87272727272727,190.50909090909093
mask_p120.jpg,0,334.89648437500006,214.306640625
mask_p120.jpg,1,185.11428571428547,201.15714285714287
mask_p1174.jpg,0,183.62606232294618,322.06232294617564
mask_p1174.jpg,1,174.16842105263157,75.36140350877193
mask_p1969.jpg,0,221.92737430167597,159.2737430167596
mask_p1969.jpg,1,212.3003412969283,398.22980659840744
mask_p442.jpg,0,72.80434782608678,235.70652173913044
mask_p442.jpg,1,282.3450704225354,233.57746478873239
mask_p121.jpg,0,224.9090909090909,285.22424242424233
mask_p121.jpg,1,229.9065606361829,110.0258449304176
mask_p1963.jpg,0,219.33333333333331,47.49050086355747
mask_p1963.jpg,1,250.66789667896677,272.05535055350504
mask_p1424.jpg,0,187.15137254901956,18.937254901959903
mask_p1424.jpg,1,194.87859128822987,393.2835959221496
mask_p1189.jpg,0,237.01255886970173,391.67974882260546
mask_p1189.jpg,1,228.42105263157896,91.51666666666621
mask_p426.jpg,0,206.05721393034827,173.11442786069648
mask_p426.jpg,1,232.05882352941174,321.7647058823529
mask_p1939.jpg,0,177.0120481927711,219.37349397590367
mask_p1939.jpg,1,174.40233236151602,14.711370262390233
mask_p1939.jpg,2,180.84313725490196,390.4183006535944
mask_p1946.jpg,0,366.3284132841326,242.2822878228783
mask_p1946.jpg,1,87.28387096774244,201.43870967741927
mask_p1946.jpg,2,225.44516129032252,221.58709677419353
mask_p1138.jpg,0,266.3106646058733,336.2333848531682
mask_p1138.jpg,1,266.26644736842104,87.91118421052607
mask_p1178.jpg,0,184.67832167832137,302.10139860139856
mask_p1178.jpg,1,351.17630057803433,168.01445086705198
mask_p1926.jpg,0,241.33802816901408,373.92488262910774
mask_p1926.jpg,1,239.78787878787878,171.43636363636332
mask_p141.jpg,0,321.94143167028204,200.175704989154
mask_p141.jpg,1,142.71428571428592,205.98214285714286
mask_p415.jpg,0,232.1388888888889,268.3888888888889
mask_p415.jpg,1,76.71428571428642,263.9407665505226
mask_p415.jpg,2,364.20909090909146,271.9772727272727
mask_p1337.jpg,0,392.57082002129926,194.40468583599574
mask_p1337.jpg,1,172.8455284552843,192.96747967479675
mask_p1055.jpg,0,424.02615694165,212.2344064386318
mask_p1055.jpg,1,147.52926208651448,230.8371501272265
mask_p1234.jpg,0,211.1981566820277,229.7004608294931
mask_p1234.jpg,1,441.14942528735594,247.04022988505747
mask_p1234.jpg,2,66.80337078651604,219.96067415730334
mask_p454.jpg,0,340.2101694915255,244.5864406779661
mask_p454.jpg,1,159.57142857142875,236.55357142857142
mask_p421.jpg,0,130.82124352331596,231.2098445595855
mask_p421.jpg,1,280.9411764705882,245.63235294117646
mask_p1293.jpg,0,348.55151515151516,242.6727272727273
mask_p1293.jpg,1,141.52941176470597,227.23529411764707
mask_p1331.jpg,0,222.26218487394956,333.18991596638625
mask_p1331.jpg,1,202.80602636534834,103.12994350282455
mask_p1962.jpg,0,233.43512974051896,36.13173652694623
mask_p1962.jpg,1,232.8544061302682,230.1034482758622
mask_p1960.jpg,0,145.09562841530055,358.97814207650254
mask_p1960.jpg,1,152.17875647668393,160.99481865284957
mask_p1193.jpg,0,99.18834080717517,216.40807174887897
mask_p1193.jpg,1,258.03623188405834,245.72826086956525
mask_p2008.jpg,0,209.1297071129707,55.64993026499323
mask_p2008.jpg,1,211.40983606557376,290.5464480874319
mask_p460.jpg,0,110.25670498084277,227.67241379310346
mask_p460.jpg,1,290.64615384615365,238.5076923076923
mask_p1265.jpg,0,54.359019264448676,101.84938704027995
mask_p1265.jpg,1,242.90000000000038,258.92380952380927
mask_p1974.jpg,0,377.08533916849035,249.62582056892776
mask_p1974.jpg,1,80.15151515151578,234.4666666666667
mask_p1974.jpg,2,191.21978021978003,239.93406593406593
mask_p128.jpg,0,332.71388101982996,167.73654390934846
mask_p128.jpg,1,153.7428571428571,167.74285714285713
mask_p1226.jpg,0,340.1497120921309,244.15355086372358
mask_p1226.jpg,1,79.21022727272796,232.5568181818182
mask_p1226.jpg,2,174.87155963302752,236.87155963302752
mask_p1120.jpg,0,218.29608938547486,293.0446927374303
mask_p1120.jpg,1,226.2,71.60000000000011
mask_p150.jpg,0,102.79310344827593,260.4012539184953
mask_p150.jpg,1,254.2666666666667,236.86666666666665
mask_p1232.jpg,0,261.1388888888889,160.55555555555557
mask_p1232.jpg,1,255.475,359.95000000000016
mask_p1071.jpg,0,404.73288439955104,207.60381593714928
mask_p1071.jpg,1,33.096774193548384,222.8411910669975
mask_p1071.jpg,2,201.32644628099172,217.11157024793388
mask_p1264.jpg,0,80.41079199303766,243.5152306353351
mask_p1264.jpg,1,394.43642611683833,236.08820160366554
mask_p427.jpg,0,175.25943396226413,307.5943396226414
mask_p427.jpg,1,185.4126984126984,128.9047619047619
mask_p1042.jpg,0,347.82080924855484,210.9380677126342
mask_p1042.jpg,1,87.8288288288287,211.19819819819818
mask_p1049.jpg,0,236.99375354911984,92.34185122089681
mask_p1049.jpg,1,184.8034934497814,391.6186317321682
mask_p1992.jpg,0,215.1383647798742,186.68553459119497
mask_p1992.jpg,1,381.0417910447759,190.1313432835821
mask_p1992.jpg,2,72.65706806282714,182.34816753926702
mask_p1253.jpg,0,389.6566929133858,247.8251968503937
mask_p1253.jpg,1,127.91666666666691,231.06250000000003
mask_p1166.jpg,0,223.8956834532374,54.23381294964037
mask_p1166.jpg,1,226.8961937716263,305.67993079584784
mask_p1449.jpg,0,367.9336734693876,240.53571428571428
mask_p1449.jpg,1,139.92079207920779,251.3877887788779
mask_p1139.jpg,0,340.01234567901247,212.09053497942392
mask_p1139.jpg,1,140.77254098360675,193.44057377049185
mask_p148.jpg,0,232.38341968911917,423.5544041450777
mask_p148.jpg,1,208.14473684210523,111.03947368421052
mask_p148.jpg,2,220.9,269.12499999999994
mask_p1998.jpg,0,244.3910034602076,122.86505190311425
mask_p1998.jpg,1,234.63245356793743,393.225806451613
mask_p1224.jpg,0,132.46770334928186,174.97129186602865
mask_p1224.jpg,1,396.53073770491756,219.69877049180323
mask_p1048.jpg,0,34.60991735537198,213.03966942148756
mask_p1048.jpg,1,235.34999999999997,192.42105263157887
mask_p118.jpg,0,304.495,181.39499999999998
mask_p118.jpg,1,193.05263157894737,218.78947368421052
mask_p1140.jpg,0,250.64379084967322,310.28267973856197
mask_p1140.jpg,1,238.31330472103005,79.96673819742496
mask_p1095.jpg,0,116.68088737201353,236.96245733788396
mask_p1095.jpg,1,318.2297650130548,237.54830287206266
mask_p1135.jpg,0,427.4067584480598,311.413016270338
mask_p1135.jpg,1,177.89271255060746,238.39068825910917
mask_p1208.jpg,0,202.86147681740132,42.80022896393828
mask_p1208.jpg,1,226.1456500488759,413.939393939394
mask_p456.jpg,0,152.62700964630216,213.7009646302251
mask_p456.jpg,1,332.70212765957433,230.31914893617022
mask_p1925.jpg,0,241.93984962406014,169.84962406015035
mask_p1925.jpg,1,240.8047210300429,362.27467811158795
mask_p1158.jpg,0,194.45035460992943,228.09042553191492
mask_p1158.jpg,1,439.79598662207394,255.0167224080268
mask_p1062.jpg,0,85.24180967238647,227.95475819032762
mask_p1062.jpg,1,436.28625235405,227.93408662900188
mask_p102.jpg,0,213.25531914893617,260.27659574468083
mask_p102.jpg,1,368.6414565826335,260.94117647058823
mask_p102.jpg,2,73.65625000000045,262.30357142857144
mask_p1951.jpg,0,266.2332155477032,53.40371024735012
mask_p1951.jpg,1,268.99330357142856,299.76562500000017
mask_p2004.jpg,0,90.45019404915928,197.46830530401036
mask_p2004.jpg,1,272.8339768339774,202.23552123552122
mask_p1343.jpg,0,356.93702770780817,300.66750629722924
mask_p1343.jpg,1,129.0361990950219,295.5701357466063
mask_p106.jpg,0,143.31807228915667,272.4903614457831
mask_p106.jpg,1,321.7333333333331,181.6190476190477
mask_p1110.jpg,0,138.89396411093,325.6965742251226
mask_p1110.jpg,1,274.8432432432434,148.3783783783787
mask_p1310.jpg,0,203.5580838323353,190.32455089820346
mask_p1310.jpg,1,204.74460431654674,424.2050359712229
mask_p1127.jpg,0,88.62403100775165,269.1317829457364
mask_p1127.jpg,1,279.8141592920351,222.89380530973446
mask_p1127.jpg,2,427.03999999999985,185.19999999999996
mask_p1333.jpg,0,275.87857142857143,234.89285714285714
mask_p1333.jpg,1,130.66666666666669,221.33333333333334
mask_p467.jpg,0,287.7072072072073,163.22522522522524
mask_p467.jpg,1,65.03529411764723,221.82352941176475
mask_p1349.jpg,0,86.3319327731095,247.91176470588235
mask_p1349.jpg,1,297.0468750000001,255.0
mask_p1207.jpg,0,73.30596175477979,261.8717660292463
mask_p1207.jpg,1,422.0336058128962,249.68392370572207
mask_p1149.jpg,0,237.7179487179487,422.7820512820517
mask_p1149.jpg,1,247.6423248882265,117.09836065573793
mask_p1971.jpg,0,296.4411764705881,283.6730103806229
mask_p1971.jpg,1,161.33928571428555,216.13392857142873
mask_p101.jpg,0,258.6532258064516,15.267741935483969
mask_p101.jpg,1,245.90458015267177,228.37022900763316
mask_p1137.jpg,0,48.51744186046517,241.6988372093023
mask_p1137.jpg,1,286.1444695259591,226.33860045146724
mask_p455.jpg,0,362.0974358974358,238.47307692307692
mask_p455.jpg,1,123.81751824817488,237.43065693430657
mask_p461.jpg,0,98.33498759305199,227.2059553349876
mask_p461.jpg,1,264.1060606060605,228.84848484848484
mask_p1033.jpg,0,401.228205128206,261.33076923076925
mask_p1033.jpg,1,53.46166007905097,221.6213438735179
mask_p1105.jpg,0,330.85129310344837,115.60883620689637
mask_p1105.jpg,1,232.56115107913632,307.7230215827341
mask_p2023.jpg,0,283.9247467438495,144.45875542691726
mask_p2023.jpg,1,315.6378378378378,344.7567567567569
mask_p113.jpg,0,244.02807775377968,284.4924406047515
mask_p113.jpg,1,195.80864197530875,98.37654320987636
mask_p444.jpg,0,306.48493150684925,223.986301369863
mask_p444.jpg,1,132.3799999999999,222.16
mask_p1172.jpg,0,111.23571428571421,217.37539682539682
mask_p1285.jpg,0,373.8471781864299,292.21116043119844
mask_p1285.jpg,1,110.78596491228137,229.00701754385955
mask_p2029.jpg,0,268.7630057803467,204.9465317919075
mask_p2029.jpg,1,115.59105431309884,251.76996805111813
mask_p451.jpg,0,298.50652173913045,127.12608695652159
mask_p451.jpg,1,122.52040816326553,417.12244897959215
mask_p451.jpg,2,206.8461538461538,275.2051282051281
mask_p1302.jpg,0,350.42159763313634,216.14644970414204
mask_p1302.jpg,1,129.72781065088836,252.1094674556214
mask_p1219.jpg,0,364.98348082595885,247.10855457227146
mask_p1219.jpg,1,62.28679817905777,208.13201820940836
mask_p1248.jpg,0,79.20542635658902,225.24677002583982
mask_p1248.jpg,1,314.7854406130267,211.56896551724142
mask_p1274.jpg,0,90.87462686567216,200.3597014925373
mask_p1274.jpg,1,324.06496062992176,206.24212598425197
mask_p1176.jpg,0,58.846894138233054,205.36920384951884
mask_p1176.jpg,1,304.2764331210195,213.5082802547771
mask_p1354.jpg,0,106.77678571428608,84.27857142857141
mask_p1354.jpg,1,283.21544715447203,204.63414634146315
mask_p2001.jpg,0,171.39885496183206,406.49809160305335
mask_p2001.jpg,1,169.83333333333334,141.0
mask_p133.jpg,0,290.5442708333333,261.453125
mask_p133.jpg,1,158.38888888888889,275.52777777777777
mask_p1425.jpg,0,205.94979079497907,117.88075313807533
mask_p1425.jpg,1,196.59608665269047,392.836477987421
mask_p1312.jpg,0,105.12745098039244,191.88375350140058
mask_p1312.jpg,1,337.3770491803282,238.87295081967213
mask_p1213.jpg,0,25.44473858371945,207.72931833223032
mask_p1213.jpg,1,443.12162162162156,190.14189189189187
mask_p1325.jpg,0,220.27167019027488,114.97991543340345
mask_p1325.jpg,1,241.59016393442627,364.206967213114
mask_p1287.jpg,0,252.66840731070494,258.4281984334201
mask_p1287.jpg,1,241.93815987933633,34.43589743589732
mask_p1332.jpg,0,141.90279627163775,262.58988015978696
mask_p1332.jpg,1,401.25196850393667,255.79527559055117
mask_p2018.jpg,0,356.04705882352937,160.32941176470587
mask_p2018.jpg,1,195.80952380952374,183.57142857142856
mask_p1314.jpg,0,63.08099688473541,234.8956386292835
mask_p1314.jpg,1,273.01515151515173,240.97878787878787
mask_p423.jpg,0,287.39374999999995,240.70625
mask_p423.jpg,1,128.0441176470587,244.6764705882353
mask_p1445.jpg,0,239.0698689956331,60.97816593886452
mask_p1445.jpg,1,216.9885123492245,371.4233199310743
mask_p1997.jpg,0,326.5397350993378,223.53311258278146
mask_p1997.jpg,1,111.97959183673474,219.77346938775509
mask_p1082.jpg,0,236.738548273432,411.3319238900633
mask_p1082.jpg,1,249.1073943661972,54.160211267605575
mask_p2017.jpg,0,311.70312499999983,235.90178571428572
mask_p2017.jpg,1,175.53333333333313,245.12
mask_p2017.jpg,2,97.24615384615356,249.21538461538464
mask_p1305.jpg,0,243.1372239747634,417.5362776025237
mask_p1355.jpg,0,30.277657266811474,192.5401301518438
mask_p1355.jpg,1,436.94082840236706,193.60355029585799
mask_p1355.jpg,2,236.45410628019312,191.11111111111111
mask_p1257.jpg,0,411.525862068965,208.3735632183908
mask_p1257.jpg,1,52.44067796610267,201.5635593220339
mask_p1257.jpg,2,179.27999999999992,202.69
mask_p1173.jpg,0,230.2126436781609,59.61685823754797
mask_p1173.jpg,1,206.4817518248175,433.6321167883204
mask_p1981.jpg,0,295.18518518518516,252.43950617283951
mask_p1981.jpg,1,149.92827004219419,251.1561181434599
mask_p1061.jpg,0,62.41646720919012,259.3494494973671
mask_p1061.jpg,1,432.7972665148055,209.34624145785875
mask_p1199.jpg,0,279.55555555555554,25.53030303030326
mask_p1199.jpg,1,270.34591194968556,436.1886792452834
mask_p1199.jpg,2,277.72727272727275,217.14438502673795
mask_p129.jpg,0,301.32592592592596,173.75555555555556
mask_p129.jpg,1,163.14000000000016,165.20000000000002
mask_p1212.jpg,0,110.49085545722713,272.5746312684366
mask_p1212.jpg,1,441.4170616113744,239.4502369668246
mask_p1202.jpg,0,279.9423592493298,99.70375335120633
mask_p1202.jpg,1,185.38699690402478,282.6377708978332
mask_p1298.jpg,0,204.07675194660735,355.95050055617344
mask_p1298.jpg,1,206.39583333333334,7.375
mask_p1968.jpg,0,282.1133333333333,243.36666666666667
mask_p1968.jpg,1,142.8757763975156,246.85714285714286
mask_p1089.jpg,0,426.887959866221,210.84448160535115
mask_p1089.jpg,1,176.40406976744228,202.54360465116278
mask_p1080.jpg,0,217.47868217054264,121.53294573643402
mask_p1080.jpg,1,211.22492401215808,358.15400202634237
mask_p468.jpg,0,95.1763313609467,276.81301775147926
mask_p468.jpg,1,323.026315789474,336.74342105263156
mask_p1102.jpg,0,273.20652173913044,317.1195652173913
mask_p1102.jpg,1,275.6666666666667,63.83333333333337
mask_p1306.jpg,0,261.81684210526316,29.81052631578916
mask_p1306.jpg,1,256.18681318681314,432.54120879120836
mask_p1194.jpg,0,89.27334465195241,257.73853989813244
mask_p1194.jpg,1,288.86885245901624,250.8579234972678
mask_p1214.jpg,0,340.6099999999997,196.97375
mask_p1214.jpg,1,12.533795493934633,202.8734835355286
mask_p1979.jpg,0,354.27463312368974,207.43396226415095
mask_p1979.jpg,1,214.60526315789483,200.23684210526318
mask_p1979.jpg,2,49.2941176470589,195.7058823529412
mask_p1979.jpg,3,317.6363636363636,369.27272727272725
mask_p1242.jpg,0,356.43016759776515,238.4036312849162
mask_p1242.jpg,1,64.10489510489481,234.45454545454547
mask_p1242.jpg,2,172.48695652173893,236.1304347826087
mask_p119.jpg,0,318.32191780821915,217.51369863013701
mask_p119.jpg,1,198.38461538461533,271.0
mask_p1182.jpg,0,105.26059979317475,236.2047569803516
mask_p1182.jpg,1,405.5551020408161,221.52244897959184
mask_p1187.jpg,0,267.8611111111111,274.32936507936506
mask_p1187.jpg,1,239.52941176470588,59.11764705882351
mask_p1995.jpg,0,162.64153275648948,344.228677379481
mask_p1995.jpg,1,163.15025906735752,111.65803108808305
mask_p1077.jpg,0,236.54725274725274,348.0505494505494
mask_p1077.jpg,1,242.25847047434655,129.381413359148
mask_p1078.jpg,0,142.2223330009972,241.57826520438684
mask_p1078.jpg,1,440.1625000000002,239.9875
mask_p413.jpg,0,205.31,207.98000000000002
mask_p413.jpg,1,211.94537815126048,417.0476190476185
mask_p413.jpg,2,197.47810218978105,13.237226277371633
mask_p1956.jpg,0,229.78801169590645,68.39181286549712
mask_p1956.jpg,1,227.84482758620692,288.2463054187193
mask_p1291.jpg,0,184.33620689655174,103.01939655172424
mask_p1291.jpg,1,176.9509493670886,312.95886075949386
mask_p111.jpg,0,368.03667481662586,201.6161369193154
mask_p111.jpg,1,232.35593220338973,203.864406779661
mask_p1443.jpg,0,114.14106939704214,199.2298065984073
mask_p1443.jpg,1,431.71272727272776,221.53090909090906
