Filename,Result
p1291.jpg,15327
p2008.jpg,47052
p1256.jpg,57710
p1994.jpg,47254
p1341.jpg,34559
p1986.jpg,52190
p1234.jpg,61174
p1306.jpg,43036
p1142.jpg,57749
p2004.jpg,14693
p1118.jpg,64918
p1412.jpg,18639
p1942.jpg,31638
p136.jpg,42823
p1425.jpg,20194
p1424.jpg,42760
p1242.jpg,30182
p1100.jpg,21724
p1193.jpg,32416
p431.jpg,18342
p1195.jpg,17268
p413.jpg,42383
p132.jpg,30714
p1112.jpg,19527
p1948.jpg,10931
p438.jpg,27196
p2029.jpg,38374
p1088.jpg,28131
p123.jpg,45674
p1171.jpg,31183
p1344.jpg,24830
p1258.jpg,99971
p1285.jpg,61652
p1140.jpg,69257
p412.jpg,49700
p469.jpg,27792
p1988.jpg,53472
p1925.jpg,26812
p1355.jpg,105416
p1060.jpg,70816
p1196.jpg,41021
p1335.jpg,20085
p122.jpg,45020
p1075.jpg,21332
p1056.jpg,14834
p1218.jpg,25064
p1323.jpg,120302
p1104.jpg,48348
p410.jpg,9904
p1358.jpg,53696
p1090.jpg,51228
p1987.jpg,12558
p1214.jpg,9697
p1941.jpg,58475
p1966.jpg,83799
p426.jpg,49
p1269.jpg,49772
p2001.jpg,64344
p1121.jpg,24955
p1238.jpg,42963
p1200.jpg,43349
p1194.jpg,3082
p407.jpg,37575
p1159.jpg,12195
p1197.jpg,22193
p1973.jpg,13710
p416.jpg,53394
p1082.jpg,44562
p1179.jpg,16763
p437.jpg,24621
p1203.jpg,49548
p1212.jpg,23484
p1199.jpg,26772
p472.jpg,21288
p1109.jpg,19150
p445.jpg,0
p1076.jpg,27370
p1063.jpg,43994
p1407.jpg,26838
p101.jpg,63031
p1976.jpg,56717
p2015.jpg,103177
p128.jpg,32335
p443.jpg,11406
p1328.jpg,54736
p1186.jpg,56210
p1035.jpg,71827
p2024.jpg,23412
p498.jpg,3365
p414.jpg,82437
p1992.jpg,37422
p1165.jpg,0
p429.jpg,8708
p1059.jpg,33926
p1984.jpg,38388
p1414.jpg,74996
p1128.jpg,105779
p1226.jpg,46977
p150.jpg,28771
p499.jpg,5087
p1333.jpg,0
p1073.jpg,64618
p1294.jpg,15981
p440.jpg,23682
p1318.jpg,51812
p1971.jpg,34423
p2022.jpg,115283
p127.jpg,16472
p467.jpg,28536
p442.jpg,35398
p139.jpg,30859
p1345.jpg,23967
p1336.jpg,26238
p1439.jpg,93895
p409.jpg,1446
p2012.jpg,41776
p1122.jpg,26215
p1346.jpg,33508
p1207.jpg,37723
p1427.jpg,91265
p1951.jpg,70948
p417.jpg,33088
p1202.jpg,44153
p2011.jpg,51849
p118.jpg,42352
p134.jpg,70767
p1429.jpg,19242
p1177.jpg,7193
p1089.jpg,34136
p1969.jpg,46034
p1127.jpg,72175
p1990.jpg,34986
p2019.jpg,43770
p1230.jpg,99947
p1183.jpg,15488
p2002.jpg,64892
p1960.jpg,15420
p1275.jpg,14837
p1277.jpg,15410
p449.jpg,40110
p112.jpg,17153
p435.jpg,12754
p1169.jpg,23547
p500.jpg,26433
p1055.jpg,56839
p1354.jpg,88163
p423.jpg,227
p1160.jpg,14644
p124.jpg,41462
p1431.jpg,41989
p408.jpg,2486
p106.jpg,43611
p1157.jpg,3284
p1247.jpg,41303
p1445.jpg,52918
p430.jpg,11183
p107.jpg,19125
p1084.jpg,41150
p1213.jpg,51101
p1047.jpg,33663
p1042.jpg,20033
p421.jpg,20597
p1342.jpg,21436
p1288.jpg,20628
p455.jpg,26487
p1245.jpg,40203
p1283.jpg,82181
p468.jpg,24243
p1926.jpg,25980
p1235.jpg,10638
p439.jpg,34904
p411.jpg,492
p1350.jpg,27818
p476.jpg,26367
p1108.jpg,26755
p1929.jpg,73786
p116.jpg,23989
p456.jpg,5034
p1272.jpg,46939
p1991.jpg,17004
p1227.jpg,36634
p1254.jpg,157457
p1105.jpg,20752
p1449.jpg,27550
p451.jpg,13132
p1408.jpg,64561
p129.jpg,25290
p1096.jpg,34798
p1302.jpg,13058
p1332.jpg,5276
p1061.jpg,39541
p1125.jpg,72947
p1204.jpg,48660
p1334.jpg,10459
p1080.jpg,35184
p1180.jpg,47536
p478.jpg,39175
p474.jpg,14976
p125.jpg,22925
p1034.jpg,13905
p2003.jpg,74498
p425.jpg,11342
p1229.jpg,17462
p2000.jpg,54196
p149.jpg,31406
p135.jpg,69512
p1098.jpg,32072
p1349.jpg,65919
p141.jpg,33190
p2016.jpg,85729
p110.jpg,72998
p1210.jpg,58499
p1331.jpg,18363
p1069.jpg,28302
p1079.jpg,22174
p1131.jpg,56525
p1228.jpg,20776
p1303.jpg,13743
p126.jpg,2048
p119.jpg,24732
p1137.jpg,51787
p1955.jpg,16027
p441.jpg,33169
p1232.jpg,39404
p2014.jpg,33268
p1997.jpg,28626
p1932.jpg,38638
p1148.jpg,15584
p1930.jpg,86049
p1305.jpg,31286
p1326.jpg,26025
p1208.jpg,50977
p1963.jpg,40585
p1120.jpg,18821
p1184.jpg,21609
p1155.jpg,31589
p1962.jpg,41233
p1154.jpg,14545
p1038.jpg,60884
p1119.jpg,45937
p1216.jpg,38520
p1287.jpg,55507
p1240.jpg,61375
p405.jpg,36118
p422.jpg,49744
p1083.jpg,71658
p471.jpg,9924
p1170.jpg,37069
p1998.jpg,42142
p117.jpg,62417
p1931.jpg,76104
p1957.jpg,66193
p1989.jpg,51780
p1201.jpg,52226
p1961.jpg,37796
p452.jpg,42097
p1116.jpg,66808
p1070.jpg,10943
p121.jpg,27180
p1147.jpg,41844
p1113.jpg,35228
p1264.jpg,68055
p477.jpg,4426
p466.jpg,22941
p1103.jpg,33634
p1298.jpg,25124
p102.jpg,33979
p475.jpg,20542
p1946.jpg,66828
p454.jpg,18277
p1188.jpg,29301
p1965.jpg,40721
p1077.jpg,13369
p1266.jpg,56322
p1036.jpg,37913
p446.jpg,36120
p1304.jpg,20308
p1174.jpg,19882
p1433.jpg,29356
p2027.jpg,35365
p1092.jpg,34798
p1049.jpg,58034
p1052.jpg,94517
p1981.jpg,25730
p497.jpg,2647
p2009.jpg,12083
p433.jpg,32674
p1321.jpg,11140
p428.jpg,26694
p109.jpg,40528
p1310.jpg,36622
p1231.jpg,23189
p1048.jpg,55017
p1443.jpg,62997
p1130.jpg,20563
p1106.jpg,55903
p1078.jpg,20727
p462.jpg,22271
p2013.jpg,64454
p1982.jpg,46547
p1442.jpg,58845
p1221.jpg,28271
p1450.jpg,82795
p1143.jpg,31084
p138.jpg,19958
p1190.jpg,26569
p1043.jpg,10891
p1282.jpg,59222
p1940.jpg,40200
p1071.jpg,80680
p1101.jpg,10323
p1428.jpg,26744
p1133.jpg,34303
p1977.jpg,41405
p147.jpg,44989
p1952.jpg,55699
p1309.jpg,22899
p404.jpg,24237
p1312.jpg,0
p1263.jpg,45811
p1091.jpg,26371
p1985.jpg,78171
p1135.jpg,12547
p1225.jpg,22048
p1923.jpg,64321
p453.jpg,46247
p1107.jpg,23643
p424.jpg,845
p1149.jpg,61608
p1074.jpg,40603
p1239.jpg,102287
p1356.jpg,82586
p1284.jpg,43665
p1065.jpg,73436
p1248.jpg,81024
p1041.jpg,17082
p2021.jpg,84267
p1410.jpg,68435
p1224.jpg,17118
p1983.jpg,65403
p1972.jpg,23451
p1064.jpg,7071
p1178.jpg,10708
p1440.jpg,52362
p1979.jpg,58224
p1097.jpg,5700
p1168.jpg,8142
p1236.jpg,76383
p1246.jpg,13165
p1253.jpg,33000
p1102.jpg,95629
p1144.jpg,15716
p120.jpg,27636
p415.jpg,64614
p1192.jpg,9420
p1413.jpg,35998
p1347.jpg,9269
p1251.jpg,89382
p418.jpg,25397
p1276.jpg,31973
p444.jpg,20360
p1032.jpg,41009
p1293.jpg,14916
p1995.jpg,16683
p1271.jpg,14435
p2026.jpg,42142
p1968.jpg,42182
p1274.jpg,21577
p1126.jpg,43421
p1257.jpg,113306
p1420.jpg,32402
p140.jpg,17897
p1974.jpg,44144
p465.jpg,20674
p1928.jpg,49520
p1138.jpg,23124
p1297.jpg,24122
p1111.jpg,12016
p447.jpg,36712
p1185.jpg,38277
p1087.jpg,37409
p2020.jpg,66886
p1352.jpg,38231
p2023.jpg,30397
p1286.jpg,57175
p1158.jpg,1846
p1081.jpg,31889
p1949.jpg,23333
p1114.jpg,30263
p145.jpg,34420
p1054.jpg,70775
p1980.jpg,33219
p1978.jpg,18298
p1308.jpg,63897
p1219.jpg,31732
p1295.jpg,17634
p1970.jpg,62670
p1944.jpg,47505
p1935.jpg,40215
p1037.jpg,38564
p1187.jpg,44345
p463.jpg,34771
p1325.jpg,25003
p432.jpg,52013
p146.jpg,35613
p2017.jpg,67212
p448.jpg,44463
p1217.jpg,71941
p1959.jpg,26117
p1172.jpg,36102
p1062.jpg,38138
p1950.jpg,21125
p2005.jpg,11582
p1939.jpg,60469
p1417.jpg,108534
p113.jpg,16805
p1953.jpg,48892
p1141.jpg,44146
p1320.jpg,19769
p1934.jpg,50702
p1316.jpg,89779
p1314.jpg,40037
p1260.jpg,41390
p111.jpg,65892
p1182.jpg,17672
p1343.jpg,29595
p1095.jpg,26371
p1072.jpg,52072
p1993.jpg,40126
p1324.jpg,29844
p1418.jpg,20390
p1058.jpg,59387
p1259.jpg,92516
p1281.jpg,72872
p1406.jpg,109717
p420.jpg,45844
p1051.jpg,111132
p461.jpg,15135
p1123.jpg,52707
p2018.jpg,72094
p1956.jpg,46405
p1117.jpg,65921
p1357.jpg,24505
p2028.jpg,21978
p1166.jpg,20924
p1337.jpg,18803
p1099.jpg,60175
p1153.jpg,2523
p142.jpg,33336
p1416.jpg,97108
p1313.jpg,10165
p1943.jpg,54854
p115.jpg,53186
p1267.jpg,71795
p1167.jpg,43047
p1033.jpg,47829
p1139.jpg,15488
p133.jpg,31785
p1189.jpg,13124
p1936.jpg,77072
p1173.jpg,32411
p1164.jpg,18862
p1110.jpg,13160
p148.jpg,38632
p419.jpg,21480
p1156.jpg,16193
p427.jpg,49347
p1176.jpg,63574
p1999.jpg,40638
p1315.jpg,23908
p1243.jpg,66566
p1268.jpg,87387
p1292.jpg,15222
p1039.jpg,51329
p2006.jpg,34166
p1945.jpg,12680
p1129.jpg,34158
p2007.jpg,32028
p1265.jpg,72098
p1233.jpg,54764
p1299.jpg,30997
p460.jpg,15980
